{
  "Products": [
    {
      "productName": "AC",
      "brandName": "LG",
      "price": 15000,
      "quantity": 150,
      "id": 1
    },
    {
      "productName": "Laptop",
      "brandName": "Apple",
      "price": 112000,
      "quantity": 10,
      "id": 2
    },
    {
      "productName": "Laptop",
      "brandName": "Apple",
      "price": 112000,
      "quantity": 10,
      "id": 3
    },
    {
      "productName": "Laptop",
      "brandName": "Apple",
      "price": 112000,
      "quantity": 10,
      "id": 5
    }
  ],
  "Customers": [
    {
      "name": "Sumat Jain",
      "email": "sumat@mail.com",
      "address": "Nashik",
      "id": 1
    },
    {
      "name": "Tushar J",
      "email": "tushar@mail.com",
      "address": "Pune",
      "id": 2
    },
    {
      "name": "Mukul Gautam",
      "email": "mukul@mail.com",
      "address": "Nagpur",
      "id": 3
    },
    {
      "name": "Mukul Gautam",
      "email": "mukul@mail.com",
      "address": "Nagpur",
      "id": 4
    },
    {
      "name": "Mukul Gautam",
      "email": "mukul@mail.com",
      "address": "Nagpur",
      "id": 5
    },
    {
      "name": "Mukul Gautam",
      "email": "mukul@mail.com",
      "address": "Nagpur",
      "id": 6
    }
  ],
  "Shops": [
    {
      "id": 1,
      "shopName": "Bakers House",
      "shopCategory": "Bakery",
      "address": "Mhasrul, Nashik",
      "isShopOpen": true
    },
    {
      "id": 2,
      "shopName": "Party Waala",
      "shopCategory": "Party",
      "address": "Kalyani Nagar, Pune",
      "isShopOpen": false
    },
    {
      "id": 3,
      "shopName": "Zomato",
      "shopCategory": "Food",
      "address": "India",
      "isShopOpen": true
    }
  ]
}